<?xml version="1.0" encoding="utf-8"?>
<!--
	Created by ApplusForm.com on 2015.4.4

	Permission is granted to copy, distribute, modify under the terms of ApplusForm License.

	Copyright (C) 2014 ApplusForm.com. All rights reserved.
-->
<appinfo>
    <sitename>북경대한국유학생회</sitename>
    <siteurl>http://www.pkukorea.org</siteurl>
    <sitetel>18610754685</sitetel>
    <appintro>앱 소개를 적는 부분입니다.</appintro>
    <searchurl>http://www.pkukorea.org/bbs/search.php</searchurl>
</appinfo>

