<?xml version="1.0" encoding="utf-8"?>
<MOML xmlns:xsi="http://www.w3.org/2001/XMLSchema-instance" xsi:noNamespaceSchemaLocation="http://www.applusform.com/xsd/moml_ui.xsd" version="1.1.1">
	<THEMES id="themeGray">
		<THEME id="menuBg" defaultImg="#f4f4f4" />
		<THEME id="tabBg" overlay1="gradation:tb|#f4f4f4|#e3e3e3" />
		<THEME id="tabBackBtn" defaultImg="gray/tab_prev.png" />
		<THEME id="tabNextBtn" defaultImg="gray/tab_next.png" />
		<THEME id="tabHomeBtn" defaultImg="gray/tab_home.png" />
		<THEME id="tabRefreshBtn" defaultImg="gray/tab_reload.png" />
		<THEME id="tabSearchBtn" defaultImg="gray/tab_search.png" />
		<THEME id="tabMoveBtn" defaultImg="gray/tab_settings.png" />
		<THEME id="menuCloseBtn" defaultImg="gray/tab_close.png" />
		<THEME id="menuLabelText" fontSize="25" minFontSize="-1" textAlign="vCenter" textColor="#000000" fontStyle="bold" padding="30,0,0,0" />
	</THEMES>

	<THEMES id="themeBlack">
		<THEME id="menuBg" defaultImg="#242930" />
		<THEME id="tabBg" overlay1="gradation:tb|#282c35|#16191f" />
		<THEME id="tabBackBtn" defaultImg="black/tab_prev.png" />
		<THEME id="tabNextBtn" defaultImg="black/tab_next.png" />
		<THEME id="tabHomeBtn" defaultImg="black/tab_home.png" />
		<THEME id="tabRefreshBtn" defaultImg="black/tab_reload.png" />
		<THEME id="tabSearchBtn" defaultImg="black/tab_search.png" />
		<THEME id="tabMoveBtn" defaultImg="black/tab_settings.png" />
		<THEME id="menuLabelText" fontSize="25" minFontSize="-1" textAlign="vCenter" textColor="#ffffff" fontStyle="bold" padding="30,0,0,0" />
	</THEMES>


	<UILAYOUT portrait="720,1230" landscape="720,1230" theme="themeGray">
		<STYLEBUTTON id="searchBarWindow" layout="0,-100,720,100" align="relative" overlay1="gradation:tb|#f4f4f4|#e3e3e3" enabled="false">
			<EDIT id="searchEdit" layout="10,10,610,85" text="" placeholder="검색어를 입력해주세요." returnKeyType="search" onChange="" onReturnKey="function.searchGo(caller.text)" fontSize="30" textColor="#000000"
				fontStyle="bold" textAlign="center" />
			<BUTTON layout="630,10,80,80" defaultImg="daumImage/btn_search.png" onClick="function.searchGo(searchEdit.text)" />
		</STYLEBUTTON>
		<WINDOW id="mainWindow" layout="0,0,720,1150">
			<WEBVIEW id="webView" layout="0,0,720,1150" src="http://www.pkukorea.org" supportZoom="false" controls="none" defaultImg="#ffffff">
				<LINKMAP>
					<LINK url="http://*" delay="1" />
					<LINK url="http://*" onFinish="function.prevNextCheck" />
				</LINKMAP>
			</WEBVIEW>
		</WINDOW>
		<!-- 하단 -->
		<BUTTON id="bottomVisible" layout="620,1136,90,84" defaultImg="daumImage/browser_ico_full.png" onClick="function.webBottomVisible" visible="invisible" />
		<STYLEBUTTON id="webBottomWindow" layout="0,1150,720,80" themeId="tabBg" align="linear:horizontal|hJustify|center" enabled="false">
			<BUTTON id="backBtn" themeId="tabBackBtn" layout="70,70" onClick="function.goBack" margin="30,0,0,0" />
			<BUTTON id="nextBtn" themeId="tabNextBtn" layout="70,70" onClick="function.goForward" />
			<BUTTON themeId="tabHomeBtn" layout="70,70" onClick="device.toastPopup('첫 페이지로 이동'), webView.src = userVariable.siteurl"  />
			<BUTTON themeId="tabRefreshBtn" layout="70,70" onClick="device.toastPopup('새로고침'),webView.refresh()" />
			<BUTTON themeId="tabSearchBtn" layout="70,70" onClick="function.searchBarCheck" />
			<BUTTON themeId="tabMoveBtn" layout="70,70" onClick="function.menuWindowPopup" margin="0,0,30,0" />
			<LABEL layout="1,70" defaultImg="#d3d4d5" />
			<BUTTON layout="70,70" defaultImg="daumImage/browser_bottom_ico_full.png" margin="0,0,15,0" onClick="function.webBottomVisible" />

		</STYLEBUTTON>

		<!-- 메뉴 -->
		<WINDOW id="menuWindow" layout="0,0,720,1230" align="relative" onClick="function.menuWindowPopup" visible='invisible'>
            <STYLEBUTTON layout="362,428,334,712" align="linear:vertical" themeId="menuBg" shape="roundRect(10)" borderStyle="solid:1|#555555" enabled="false">
                <WINDOW layout="334,88" align="relative">
                    <LABEL layout="0,0,255,88" themeId="menuLabelText" text="고객센터연결" onClick="appLauncher.openUri('tel:'+ userVariable.sitetel, '')" />
                </WINDOW>
                <WINDOW layout="334,88" align="relative">
                    <LABEL layout="0,0,255,88" themeId="menuLabelText" text="브라우저연결" onClick="function.internetGo()" />
                </WINDOW>
                <WINDOW layout="334,88" align="relative">
                    <LABEL layout="0,0,255,88" themeId="menuLabelText" text="SMS 공유" onClick="function.smsLink(userVariable.siteurl+' '+userVariable.sitename)" />

                </WINDOW>
                <WINDOW layout="334,88" align="relative">
                    <LABEL layout="0,0,255,88" themeId="menuLabelText" text="카카오톡 공유" onClick="function.kakaoLink(userVariable.sitename,'설치해주세용',userVariable.siteurl)" />
                </WINDOW>

                <WINDOW layout="334,88" align="relative">
                    <LABEL layout="0,0,255,88" themeId="menuLabelText" text="카카오스토리 공유" onClick="function.kakaoStoryLink(userVariable.siteurl, userVariable.sitename+' 환영 합니다!!!', '1.1', '1.0', '', '환영합니다')" />
                </WINDOW>

                <WINDOW layout="334,88" align="relative">
                    <LABEL layout="0,0,255,88" themeId="menuLabelText" text="알림설정" />
                    <CHECKBOX id="push" layout="250,15,70,60" selected="{saveVariable.pushStatus}" />
                    <BUTTON layout="0,0,334,88" defaultImg="#00ffffff" onClick="function.setPush()" />
                </WINDOW>
                <WINDOW layout="334,88" align="relative">
                    <LABEL layout="0,0,255,88" themeId="menuLabelText" text="카카오톡 친구등록" />
                    <CHECKBOX id="kakaoRegister" layout="250,15,70,60" selected="false" />
                    <BUTTON layout="0,0,334,88" defaultImg="#00ffffff" onClick="function.kakaoRegister" />
                </WINDOW>
                <WINDOW layout="334,88" align="relative">
                    <!-- <LABEL layout="0,0,255,88" themeId="menuLabelText" text="{'버전 정보 ' + application.versionName}" onClick="device.toastPopup('최신 버전입니다.')" /> -->
                    <LABEL layout="0,0,255,88" themeId="menuLabelText" text="{'버전 정보  ' + application.versionName}" onClick="container.open('miniPopup.xml', 'container.new')" />
                </WINDOW>
            </STYLEBUTTON>
		</WINDOW>
	</UILAYOUT>



    <CMD cmd="userVariable.appInfoData = file.read('./appInfoData.xml')" />
    <CMD cmd="userVariable.sitename =  xpath.evaluateEx(userVariable.appInfoData, '//sitename/text()')" />
    <CMD cmd="userVariable.siteurl =  xpath.evaluateEx(userVariable.appInfoData, '//siteurl/text()') , webView.src=userVariable.siteurl" />
    <CMD cmd="userVariable.sitetel =  xpath.evaluateEx(userVariable.appInfoData, '//sitetel/text()')" />
    <CMD cmd="userVariable.appintro =  xpath.evaluateEx(userVariable.appInfoData, '//appintro/text()')" />
    <CMD cmd="userVariable.searchurl =  xpath.evaluateEx(userVariable.appInfoData, '//searchurl/text()')" />

	<CMD cmd="userVariable.menuValue = 'false'" />
	<CMD cmd="userVariable.searchValue = 'false'" />
	<CMD cmd="userVariable.theme = string.split(backBtn.defaultImg, '/',0)" delay="100"/>
	<CMD cmd="function.prevNextCheck" delay="100" />
	<!-- <CMD cmd="function.logoAniStart" delay="100" /> -->


	<!-- for Pushwoosh 1/1: 초기 설정 -->
	<CMD condition="string.equals(saveVariable.pushStatus,'')" cmd="push.selected = 'false',saveVariable.pushStatus='false',function.setPush()" /> <!-- 기본값 true/false -->
	<CMD condition="device.os.platform=='iOS'" cmd="saveVariable.pushStatus='false'" /> <!-- iOS면 false -->

	<FUNCTION id="logoAniStart">
		<CMD cmd="animation.rotate('loading', 360, loading.width/2, loading.height/2, '', 5000, 'function.logoAniStart')" />
	</FUNCTION>

	<!-- 검색 -->
	<FUNCTION id="searchGo(text)">
		<CMD cmd="webView.src = userVariable.searchurl+'='+text+''" />
	</FUNCTION>

	<FUNCTION id="searchBarCheck">
		<CMD condition="userVariable.searchValue == 'false'" cmd="function.searchBarVisible" elseCmd="function.searchBarInvisible" />
	</FUNCTION>

	<FUNCTION id="searchBarVisible">
		<CMD cmd="userVariable.searchValue = 'true'" />
		<CMD cmd="animation.moveIn('searchBarWindow',  0, 100, searchBarWindow.width, searchBarWindow.height, 'easeOut7', 1000, '')" />
		<CMD cmd="animation.moveIn('mainWindow',  0, 100, mainWindow.width,mainWindow.height-100, 'easeOut7', 1000, '')" />
		<CMD cmd="webView.height  = '1050'" />
	</FUNCTION>

	<FUNCTION id="searchBarInvisible">
		<CMD cmd="userVariable.searchValue = 'false'" />
		<CMD cmd="animation.moveIn('searchBarWindow',  0, -100, searchBarWindow.width, searchBarWindow.height, 'easeOut7', 1000, '')" />
		<CMD cmd="animation.moveIn('mainWindow',  0, -100, mainWindow.width, mainWindow.height+100, 'easeOut7', 1000, '')" />
		<CMD cmd="webView.height  = '1150'" />
	</FUNCTION>

	<FUNCTION id="kakaoRegister">
		<CMD condition="kakaoRegister.selected == 'false'" cmd="container.open('kakaoRegisterPopup.xml','root.kakaoRe')" elseCmd="container.open('kakaoUnregisterPopup.xml','root.kakaoUn')" />
	</FUNCTION>

	<!-- 카카오톡 -->
	<FUNCTION id="kakaoLink(appId, msg, url)">  <!-- 카톡으로 링크 보내기 -->
		<CMD cmd="device.log('cgy', 'dd'+appLauncher.canOpenUri('kakaolink://sendurl?appid=' +appId + '&amp;appver='+ application.version + '&amp;msg=' + msg + '&amp;url=' + url))" />
		<CMD condition="appLauncher.canOpenUri('kakaolink://sendurl?appid=' +appId + '&amp;appver='+ application.version + '&amp;msg=' + msg + '&amp;url=' + url) != 0" cmd="appLauncher.openUri('kakaolink://sendurl?appid=' +appId + '&amp;appver='+ application.version + '&amp;msg=' + msg + '&amp;url=' + url, '')"
			elseCmd="device.toastPopup('KaKaoTalk설치 해주세요.')" />
	</FUNCTION>

	<!-- sms -->
	<FUNCTION id="smsLink(body)">  <!-- 문자 링크 보내기 -->
		<CMD cmd="appLauncher.openUri('sms:?body='+body+'', '')" />
	</FUNCTION>

	<!-- 카카오스토리 -->
	<FUNCTION id="kakaoStoryLink(post, appid, appver, apiver, appname, urlinfo)">  <!-- 카카오톡스토리 링크 보내기 -->
		<CMD
			cmd="device.log('cgy', 'dd'+appLauncher.canOpenUri('storylink://posting?post='+post+'&amp;appid='+appid+'&amp;appver='+application.version+'&amp;apiver='+apiver+'&amp;appname='+appname+'&amp;urlinfo= '+urlinfo+''))" />
		<CMD
			condition="appLauncher.canOpenUri('storylink://posting?post='+post+'&amp;appid='+appid+'&amp;appver='+application.versionName+'&amp;apiver='+apiver+'&amp;appname='+appname+'&amp;urlinfo= '+urlinfo+'') != 0"
			cmd="appLauncher.openUri('storylink://posting?post='+post+'&amp;appid='+appid+'&amp;appver='+application.version+'&amp;apiver='+apiver+'&amp;appname='+appname+'&amp;urlinfo= '+urlinfo+'','')"
			elseCmd="device.toastPopup('KaKaoStory설치 해주세요.')" />
	</FUNCTION>

	<FUNCTION id="internetGo">
		<CMD cmd="appLauncher.openUri(webView.src,'')" />
	</FUNCTION>

	<FUNCTION id="prevNextCheck">
		<CMD condition="webView.canBack() == 'true'" cmd="backBtn.defaultImg= userVariable.theme+ '/tab_prev.png'" elseCmd="backBtn.defaultImg = userVariable.theme+ '/tab_prev_on.png'" />
		<CMD condition="webView.canForward() == 'true'" cmd="nextBtn.defaultImg=userVariable.theme+ '/tab_next.png'" elseCmd="nextBtn.defaultImg = userVariable.theme+ '/tab_next_on.png'" />
	</FUNCTION>

	<FUNCTION id="goBack">
		<CMD condition="webView.canBack() == 'true'" cmd="webView.back()" elseCmd="device.toastPopup('첫 화면 입니다.')" />
	</FUNCTION>

	<FUNCTION id="goForward">
		<CMD condition="webView.canForward() == 'true'" cmd="webView.forward()" elseCmd="device.toastPopup('다음 화면이 없습니다.')" />
	</FUNCTION>

	<FUNCTION id="webBottomVisible">
		<CMD condition="webBottomWindow.visible == 'visible'" cmd="webBottomWindow.visible = 'invisible',  bottomVisible.visible = 'visible', mainWindow.height = mainWindow.height + 80, webView.height= webView.height + 80"
			elseCmd="webBottomWindow.visible = 'visible', bottomVisible.visible = 'invisible', mainWindow.height = mainWindow.height - 80, webView.height= webView.height - 80" />
	</FUNCTION>

	<FUNCTION id="setPush">
		<CMD condition="push.selected == 'true'" cmd="push.selected = 'false',saveVariable.pushStatus='false', pushwoosh.unregister"
		elseCmd="push.selected = 'true',saveVariable.pushStatus='true', pushwoosh.register('root.onPushMsg')" />
	</FUNCTION>

    <FUNCTION id="onPushMsg(msg)">
        <CMD cmd="device.systemPopup('', msg, 'ok', '', '')" />
    </FUNCTION>


	<!-- 메뉴 -->
	<FUNCTION id="menuWindowPopup">
		<CMD condition="menuWindow.visible == 'invisible'" cmd="animation.flyIn('menuWindow', 0, 1230, menuWindow.width,0, 'elasticOut', 200, '')" elseCmd="menuWindow.visible = 'invisible'" />
	</FUNCTION>
</MOML>