<?xml version="1.0" encoding="utf-8"?>
<!--
	Created by http://cafe.naver.com/citrineframework
	You can freely copy, distribute, modify for commercial or non-commercial purposes.
-->
<MOML xmlns:xsi="http://www.w3.org/2001/XMLSchema-instance" xsi:noNamespaceSchemaLocation="http://www.applusform.com/xsd/moml_ui.xsd" version="1.1.1">
	<UILAYOUT portrait="720,1230" landscape="720,1230">
		<POPUP layout="0,0,720,1230" defaultImg="#99000000" showEffect="fade:500" hideEffect="fade:500" onClick="action:close()" align="relative">
			<STYLEBUTTON layout="68,442,588,100" align="relative" shape="roundRect(10,10,0,0)" defaultImg="#ddffffff" enabled="false">
				<LABEL layout="0,0,588,100" text="카카오톡 친구등록" fontSize="40" minFontSize="-1" textAlign="center" textColor="#000000" fontStyle="bold" />
			</STYLEBUTTON>
			<STYLEBUTTON layout="68,542,588,270" align="relative" shape="roundRect(0,0,10,10)" defaultImg="#dde3e3e3" enabled="false">
				<LABEL layout="20,20,548,140" text="카톡친구를 추가하기 위해 연락처에 해당 전화번호를 등록합니다. 동의하시겠습니까?" fontSize="30" minFontSize="-1" textColor="#000000" fontStyle="bold" />
				<STYLEBUTTON layout="40,170,245,80" text="동의" fontSize="30" minFontSize="-1" textAlign="center" textColor="#ffffff" fontStyle="bold" shape="roundRect(20)" defaultImg="#d83939"
					onClick="device.toastPopup('등록되었습니다.'),root.kakaoRegister.selected = 'true',container.close()" />
				<STYLEBUTTON layout="300,170,245,80" text="취소" fontSize="30" minFontSize="-1" textAlign="center" textColor="#ffffff" fontStyle="bold" shape="roundRect(20)" defaultImg="#414141"
					onClick="root.kakaoRegister.selected = 'false',container.close()" />
			</STYLEBUTTON>
		</POPUP>
	</UILAYOUT>
</MOML> 