<?xml version="1.0" encoding="utf-8"?>

<MOML version="1.1.0" xmlns:xsi="http://www.w3.org/2001/XMLSchema-instance" xsi:noNamespaceSchemaLocation="http://www.applusform.com/xsd/moml_ui.xsd">

	<UILAYOUT portrait="1080,1920" landscape="1080,1920">
		<POPUP layout="0,0,1080,1920" align="linear:vertical|center|subCenter" defaultImg="#aa000000" onClick="'none'">
			<WINDOW layout="840,200" align="linear:vertical|center" defaultImg="#ffffff">
				<LABEL layout="auto,150" padding="0,0,0,0" fontSize="60"   textAlign="center" text="{userVariable.sitename}" />
			</WINDOW>
			<LABEL layout="840,5px" defaultImg="#cccccc" />
			<WINDOW layout="840,1000" align="linear:vertical" scroll="vertical" defaultImg="#ffffff">
				<LABEL layout="740,auto" defaultImg="#00ffffff" margin="50,50,50,50" fontSize="50" textColor="#000000" text="{userVariable.appintro}" />
				<IMAGE id="img" layout="840,1" defaultImg="#ffffff" />
			</WINDOW>
			<BUTTON layout="840,150" defaultImg="#8f70ac" onClick="container.close" fontSize="50" text="Close" textColor="#ffffff" />
		</POPUP>
	</UILAYOUT>

	<CMD cmd="img.height = 'auto', img.defaultImg = userVariable.pushImgUrl" />
</MOML>